id,team,first_name,second_name,web_name,element_type,squad_number,photo
1,1,Bernd,Leno,Leno,1,,80201.jpg
2,1,Rúnar Alex,Rúnarsson,Rúnarsson,1,,115918.jpg
3,1,Willian,Borges Da Silva,Willian,3,,47431.jpg
4,1,Pierre-Emerick,Aubameyang,Aubameyang,4,,54694.jpg
5,1,Cédric,Soares,Cédric,2,,58822.jpg
6,1,Alexandre,Lacazette,Lacazette,4,,59966.jpg
7,1,Granit,Xhaka,Xhaka,3,,84450.jpg
8,1,Pablo,Marí,Marí,2,,92371.jpg
9,1,Héctor,Bellerín,Bellerín,2,,98745.jpg
10,1,Calum,Chambers,Chambers,2,,101184.jpg
11,1,Sead,Kolasinac,Kolasinac,2,,111457.jpg
12,1,Mohamed Naser,El Sayed Elneny,Elneny,3,,153256.jpg
13,1,Ainsley,Maitland-Niles,Maitland-Niles,3,,154043.jpg
14,1,Rob,Holding,Holding,2,,156074.jpg
15,1,Thomas,Partey,Partey,3,,167199.jpg
16,1,Kieran,Tierney,Tierney,2,,192895.jpg
17,1,Nicolas,Pépé,Pépé,3,,195735.jpg
18,1,Lucas,Torreira,Torreira,3,,198849.jpg
20,1,Edward,Nketiah,Nketiah,4,,205533.jpg
21,1,Emile,Smith Rowe,Smith Rowe,3,,209289.jpg
22,1,Bukayo,Saka,Saka,3,,223340.jpg
23,1,Gabriel,Magalhães,Gabriel,2,,226597.jpg
24,1,Konstantinos,Mavropanos,Mavropanos,2,,233963.jpg
25,1,Mattéo,Guendouzi,Guendouzi,3,,242166.jpg
26,1,Gabriel Teodoro,Martinelli Silva,Martinelli,3,,444145.jpg
27,1,William,Saliba,Saliba,2,,462424.jpg
67,1,Ben,White,White,2,,198869.jpg
466,1,Nuno,Varela Tavares,Tavares,2,,437626.jpg
478,1,Albert,Sambi Lokonga,Sambi Lokonga,3,,437742.jpg
530,1,Folarin,Balogun,Balogun,4,,232223.jpg
531,1,Reiss,Nelson,Nelson,3,,200641.jpg
532,1,Karl,Hein,Hein,1,,463748.jpg
558,1,Martin,Ødegaard,Ødegaard,3,,184029.jpg
559,1,Aaron,Ramsdale,Ramsdale,1,,225321.jpg
572,1,Arthur,Okonkwo,Okonkwo,1,,220682.jpg
590,1,Takehiro,Tomiyasu,Tomiyasu,2,,223723.jpg
28,2,Jed,Steer,Steer,1,,79852.jpg
29,2,Conor,Hourihane,Hourihane,3,,85242.jpg
30,2,Emiliano,Martínez,Martínez,1,,98980.jpg
31,2,Björn,Engels,Engels,2,,108156.jpg
32,2,Bertrand,Traoré,Traoré,3,,110504.jpg
34,2,Morgan,Sanson,Sanson,3,,122775.jpg
35,2,John,McGinn,McGinn,3,,122806.jpg
36,2,Kortney,Hause,Hause,2,,123354.jpg
37,2,Mahmoud Ahmed,Ibrahim Hassan,Trézéguet,3,,148508.jpg
38,2,Tyrone,Mings,Mings,2,,149484.jpg
39,2,Matt,Targett,Targett,2,,169359.jpg
40,2,Ollie,Watkins,Watkins,4,,178301.jpg
41,2,Marvelous,Nakamba,Nakamba,3,,184704.jpg
42,2,Anwar,El Ghazi,El Ghazi,3,,193488.jpg
43,2,Emiliano,Buendía Stati,Buendía,3,,195546.jpg
44,2,Matthew,Cash,Cash,2,,199796.jpg
45,2,Ezri,Konsa Ngoyo,Konsa,2,,199798.jpg
46,2,Frédéric,Guilbert,Guilbert,2,,203368.jpg
47,2,Wesley,Moraes,Wesley,4,,213345.jpg
48,2,Mbwana Ally,Samatta,Samatta,4,,217487.jpg
49,2,Keinan,Davis,Davis,4,,221239.jpg
50,2,Douglas Luiz,Soares de Paulo,Douglas Luiz,3,,230046.jpg
51,2,Jacob,Ramsey,Ramsey,3,,232653.jpg
52,2,Ashley,Young,Young,2,,18892.jpg
283,2,Axel,Tuanzebe,Tuanzebe,2,,180804.jpg
337,2,Danny,Ings,Ings,4,,84939.jpg
492,2,Leon,Bailey,Bailey,3,,215711.jpg
496,2,Aaron,Ramsey,Ramsey,3,,447715.jpg
497,2,Jaden,Philogene-Bidace,Philogene-Bidace,3,,481624.jpg
526,2,Carney,Chukwuemeka,Chukwuemeka,3,,478912.jpg
568,2,Cameron,Archer,Archer,4,,433979.jpg
596,2,Viljami,Sinisalo,Sinisalo,1,,248164.jpg
610,2,Lamare,Bogarde,Bogarde,2,,515597.jpg
76,3,Pontus,Jansson,Jansson,2,,61810.jpg
77,3,Christian,Nørgaard,Nørgaard,3,,128295.jpg
78,3,Ivan,Toney,Toney,4,,144485.jpg
79,3,Tariqe,Fosu-Henry,Fosu,3,,154138.jpg
80,3,David,Raya Martin,Raya,1,,154561.jpg
81,3,Sergi,Canós,Canós,3,,174932.jpg
82,3,Pelenda Joshua,Dasilva,Dasilva,3,,183656.jpg
83,3,Rico,Henry,Henry,2,,194010.jpg
84,3,Vitaly,Janelt,Janelt,3,,204580.jpg
85,3,Saman,Ghoddos,Ghoddos,3,,205836.jpg
86,3,Mathias,Jensen,Jensen,3,,207283.jpg
87,3,Charlie,Goode,Goode,2,,213687.jpg
88,3,Marcus,Forss,Forss,4,,216620.jpg
89,3,Mads,Roerslev Rasmussen,Roerslev,2,,226956.jpg
90,3,Mads,Bech Sørensen,Sørensen,2,,228044.jpg
91,3,Ethan,Pinnock,Pinnock,2,,231065.jpg
92,3,Ellery,Balcombe,Balcombe,1,,235448.jpg
93,3,Jan,Zamburek,Zamburek,3,,420922.jpg
94,3,Patrik,Gunnarsson,Gunnarsson,1,,434024.jpg
95,3,Halil,Dervişoğlu,Dervişoğlu,4,,434662.jpg
96,3,Bryan,Mbeumo,Mbeumo,3,,446008.jpg
97,3,Mads,Bidstrup,Bidstrup,3,,481405.jpg
479,3,Frank,Onyeka,Onyeka,3,,428580.jpg
483,3,Kristoffer,Ajer,Ajer,2,,191866.jpg
498,3,Dominic,Thompson,Thompson,2,,232247.jpg
499,3,Shandon,Baptiste,Baptiste,3,,432160.jpg
524,3,Yoane,Wissa,Wissa,3,,216646.jpg
556,3,Álvaro,Fernández,Fernández,1,,240796.jpg
569,3,Finley,Stevens,Stevens,2,,450550.jpg
594,3,Mathias,Jorgensen,Zanka,2,,48760.jpg
614,3,Paris,Maghoma,Maghoma,3,,220695.jpg
619,3,Matthew,Cox,Cox,1,,503300.jpg
53,4,Adam,Lallana,Lallana,3,,39155.jpg
54,4,Jason,Steele,Steele,1,,49262.jpg
55,4,Pascal,Groß,Groß,3,,60307.jpg
56,4,Shane,Duffy,Duffy,2,,61933.jpg
57,4,Davy,Pröpper,Pröpper,3,,66242.jpg
58,4,Dan,Burn,Burn,2,,78916.jpg
59,4,Lewis,Dunk,Dunk,2,,83299.jpg
60,4,Solomon,March,March,3,,109345.jpg
61,4,Adam,Webster,Webster,2,,110735.jpg
62,4,Joël,Veltman,Veltman,2,,111478.jpg
63,4,Neal,Maupay,Maupay,4,,115382.jpg
64,4,Leandro,Trossard,Trossard,3,,116216.jpg
65,4,Mathew,Ryan,Ryan,1,,131897.jpg
66,4,Alireza,Jahanbakhsh,Jahanbakhsh,3,,165210.jpg
68,4,Bernardo,Fernandes Da Silva Junior,Bernardo,2,,209362.jpg
69,4,Robert,Sánchez,Sánchez,1,,215059.jpg
70,4,Yves,Bissouma,Bissouma,3,,227127.jpg
71,4,Tariq,Lamptey,Lamptey,2,,232792.jpg
72,4,Aaron,Connolly,Connolly,4,,233425.jpg
73,4,Steven,Alzate,Alzate,3,,235382.jpg
74,4,Alexis,Mac Allister,Mac Allister,3,,243016.jpg
75,4,Jakub,Moder,Moder,3,,243505.jpg
447,4,Danny,Welbeck,Welbeck,4,,50175.jpg
462,4,Enock,Mwepu,Mwepu,3,,423649.jpg
476,4,Kjell,Scherpen,Scherpen,1,,240514.jpg
500,4,Florin,Andone,Andone,4,,93284.jpg
535,4,Andi,Zeqiri,Zeqiri,4,,204676.jpg
536,4,Michal,Karbownik,Karbownik,2,,442229.jpg
537,4,Taylor,Richards,Richards,3,,209045.jpg
538,4,Moisés,Caicedo,Caicedo,3,,486672.jpg
560,4,Haydon,Roberts,Roberts,2,,433589.jpg
584,4,Marc,Cucurella,Cucurella,2,,179268.jpg
595,4,Jürgen,Locadia,Locadia,4,,106757.jpg
612,4,Jeremy,Sarmiento,Sarmiento,3,,441192.jpg
98,5,James,Tarkowski,Tarkowski,2,,17761.jpg
99,5,Phil,Bardsley,Bardsley,2,,17997.jpg
100,5,Erik,Pieters,Pieters,2,,39487.jpg
101,5,Jack,Cork,Cork,3,,40145.jpg
102,5,Dale,Stephens,Stephens,3,,40845.jpg
103,5,Kevin,Long,Long,2,,41674.jpg
104,5,Jay,Rodriguez,Rodriguez,4,,44683.jpg
105,5,Ashley,Barnes,Barnes,4,,44699.jpg
106,5,Ben,Mee,Mee,2,,51927.jpg
107,5,Ashley,Westwood,Westwood,3,,60551.jpg
108,5,Johann Berg,Gudmundsson,Gudmundsson,3,,60586.jpg
109,5,Chris,Wood,Wood,4,,60689.jpg
110,5,Matthew,Lowton,Lowton,2,,68983.jpg
111,5,Matej,Vydra,Vydra,4,,81183.jpg
112,5,Nick,Pope,Pope,1,,98747.jpg
113,5,Charlie,Taylor,Taylor,2,,103914.jpg
114,5,Will,Norris,Norris,1,,168399.jpg
115,5,Josh,Brownhill,Brownhill,3,,172782.jpg
116,5,Josh,Benson,Benson,3,,217401.jpg
117,5,Bailey,Peacock-Farrell,Peacock-Farrell,1,,220037.jpg
118,5,Dwight,McNeil,McNeil,3,,433154.jpg
451,5,Nathan,Collins,Collins,2,,432830.jpg
480,5,Wayne,Hennessey,Hennessey,1,,20066.jpg
533,5,Lewis,Richardson,Richardson,4,,461096.jpg
534,5,Bobby,Thomas,Thomas,2,,461102.jpg
565,5,Owen,Dodgson,Dodgson,2,,461567.jpg
575,5,Aaron,Lennon,Lennon,3,,17349.jpg
578,5,Maxwel,Cornet,Cornet,3,,149519.jpg
585,5,Connor,Roberts,Roberts,2,,192290.jpg
119,6,César,Azpilicueta,Azpilicueta,2,,41328.jpg
120,6,Olivier,Giroud,Giroud,4,,44346.jpg
121,6,Thiago,Emiliano da Silva,Thiago Silva,2,,51090.jpg
122,6,Marcos,Alonso,Alonso,2,,82263.jpg
123,6,Jorge Luiz,Frello Filho,Jorginho,3,,85955.jpg
124,6,Ross,Barkley,Barkley,3,,88894.jpg
125,6,Mateo,Kovacic,Kovacic,3,,91651.jpg
126,6,Michy,Batshuayi,Batshuayi,4,,94245.jpg
127,6,Antonio,Rüdiger,Rüdiger,2,,102380.jpg
129,6,Kepa,Arrizabalaga,Arrizabalaga,1,,109745.jpg
130,6,N'Golo,Kanté,Kanté,3,,116594.jpg
131,6,Hakim,Ziyech,Ziyech,3,,124183.jpg
132,6,Ruben,Loftus-Cheek,Loftus-Cheek,3,,126187.jpg
133,6,Andreas,Christensen,Christensen,2,,135363.jpg
134,6,Timo,Werner,Werner,4,,165153.jpg
135,6,Benjamin,Chilwell,Chilwell,2,,172850.jpg
136,6,Tammy,Abraham,Abraham,4,,173879.jpg
137,6,Christian,Pulisic,Pulisic,3,,176413.jpg
138,6,Mason,Mount,Mount,3,,184341.jpg
139,6,Ethan,Ampadu,Ampadu,2,,199598.jpg
140,6,Callum,Hudson-Odoi,Hudson-Odoi,3,,209046.jpg
141,6,Kai,Havertz,Havertz,3,,219847.jpg
142,6,Reece,James,James,2,,225796.jpg
143,6,Edouard,Mendy,Mendy,1,,228286.jpg
501,6,Malang,Sarr,Sarr,2,,204727.jpg
527,6,Trevoh,Chalobah,Chalobah,2,,180736.jpg
529,6,Romelu,Lukaku,Lukaku,4,,66749.jpg
539,6,Emerson,Palmieri dos Santos,Emerson,2,,109533.jpg
592,6,Saúl,Ñíguez,Saúl,3,,89335.jpg
606,6,Marcus,Bettinelli,Bettinelli,1,,122074.jpg
144,7,Conor,Gallagher,Gallagher,3,,232787.jpg
146,7,Vicente,Guaita,Guaita,1,,40836.jpg
147,7,James,Tomkins,Tomkins,2,,49413.jpg
148,7,James,McArthur,McArthur,3,,50471.jpg
149,7,Christian,Benteke,Benteke,4,,54861.jpg
150,7,Cheikhou,Kouyaté,Kouyaté,2,,55037.jpg
151,7,Martin,Kelly,Kelly,2,,58786.jpg
152,7,Luka,Milivojevic,Milivojevic,3,,66975.jpg
153,7,Jordan,Ayew,Ayew,4,,80146.jpg
154,7,Wilfried,Zaha,Zaha,3,,82403.jpg
155,7,Jeffrey,Schlupp,Schlupp,3,,86417.jpg
156,7,Jack,Butland,Butland,1,,105666.jpg
157,7,Jairo,Riedewald,Riedewald,3,,173954.jpg
158,7,Jarosław,Jach,Jach,2,,185478.jpg
159,7,Jean-Philippe,Mateta,Mateta,4,,231747.jpg
160,7,Eberechi,Eze,Eze,3,,232413.jpg
161,7,Nathan,Ferguson,Ferguson,2,,232423.jpg
162,7,Tyrick,Mitchell,Mitchell,2,,244723.jpg
386,7,Will,Hughes,Hughes,3,,108413.jpg
464,7,Michael,Olise,Olise,3,,443661.jpg
474,7,Joel,Ward,Ward,2,,55494.jpg
477,7,Marc,Guéhi,Guéhi,2,,209036.jpg
488,7,Joachim,Andersen,Andersen,2,,174874.jpg
493,7,Nathaniel,Clyne,Clyne,2,,57328.jpg
540,7,Reece,Hannam,Hannam,2,,223824.jpg
541,7,Jesurun,Rak-Sakyi,Rak-Sakyi,3,,450542.jpg
542,7,Robert,Street,Street,4,,448482.jpg
543,7,Scott,Banks,Banks,3,,462831.jpg
561,7,Remi,Matthews,Matthews,1,,169593.jpg
586,7,Odsonne,Edouard,Edouard,4,,199670.jpg
163,8,Fabian,Delph,Delph,3,,41823.jpg
164,8,Gylfi,Sigurdsson,Sigurdsson,3,,55422.jpg
165,8,Seamus,Coleman,Coleman,2,,59949.jpg
166,8,James,Rodríguez,James,3,,60025.jpg
167,8,Bernard,Anício Caldeira Duarte,Bernard,3,,100649.jpg
168,8,Lucas,Digne,Digne,2,,101188.jpg
169,8,Michael,Keane,Keane,2,,106611.jpg
170,8,Jordan,Pickford,Pickford,1,,111234.jpg
171,8,Allan,Marques Loureiro,Allan,3,,119765.jpg
172,8,André Filipe,Tavares Gomes,André Gomes,3,,120250.jpg
173,8,Abdoulaye,Doucouré,Doucouré,3,,121599.jpg
174,8,Alex,Iwobi,Iwobi,3,,153133.jpg
175,8,Yerry,Mina,Mina,2,,164511.jpg
176,8,Tom,Davies,Davies,3,,173807.jpg
177,8,Dominic,Calvert-Lewin,Calvert-Lewin,4,,177815.jpg
178,8,Mason,Holgate,Holgate,2,,194164.jpg
179,8,Ben,Godfrey,Godfrey,2,,198826.jpg
180,8,Richarlison,de Andrade,Richarlison,4,,212319.jpg
181,8,João,Virgínia,Virgínia,1,,222627.jpg
481,8,Asmir,Begović,Begović,1,,40349.jpg
482,8,Andros,Townsend,Townsend,3,,60252.jpg
484,8,Demarai,Gray,Gray,3,,172632.jpg
502,8,Jonjoe,Kenny,Kenny,2,,153673.jpg
503,8,Anthony,Gordon,Gordon,3,,232826.jpg
504,8,Jean-Philippe,Gbamin,Gbamin,3,,160987.jpg
544,8,Jarrad,Branthwaite,Branthwaite,2,,480455.jpg
545,8,Nathan,Broadhead,Broadhead,4,,173818.jpg
564,8,Moise,Kean,Kean,4,,242058.jpg
570,8,Niels,Nkounkou,Nkounkou,2,,495542.jpg
571,8,Andy,Lonergan,Lonergan,1,,11948.jpg
591,8,Salomón,Rondón,Rondón,4,,57134.jpg
602,8,Ellis,Simms,Simms,4,,218997.jpg
607,8,Lewis,Dobbin,Dobbin,4,,461421.jpg
613,8,Charlie,Whitaker,Whitaker,3,,491556.jpg
616,8,Harry,Tyrer,Tyrer,1,,447325.jpg
622,8,Cenk,Tosun,Tosun,4,,66838.jpg
623,8,Reece,Welch,Welch,2,,474907.jpg
200,9,Kasper,Schmeichel,Schmeichel,1,,17745.jpg
201,9,Jonny,Evans,Evans,2,,37642.jpg
202,9,Marc,Albrighton,Albrighton,3,,51938.jpg
203,9,Nampalys,Mendy,Mendy,3,,86881.jpg
204,9,Danny,Ward,Ward,1,,95463.jpg
205,9,Jamie,Vardy,Vardy,4,,101668.jpg
206,9,Dennis,Praet,Praet,3,,106837.jpg
207,9,Ricardo Domingos,Barbosa Pereira,Pereira,2,,111931.jpg
208,9,Daniel,Amartey,Amartey,2,,155569.jpg
209,9,Timothy,Castagne,Castagne,2,,166477.jpg
210,9,Youri,Tielemans,Tielemans,3,,166989.jpg
211,9,Ayoze,Pérez,Pérez,3,,168580.jpg
212,9,James,Maddison,Maddison,3,,172780.jpg
213,9,Kelechi,Iheanacho,Iheanacho,4,,173515.jpg
214,9,Hamza,Choudhury,Choudhury,3,,197469.jpg
215,9,Harvey,Barnes,Barnes,3,,201666.jpg
216,9,Wilfred,Ndidi,Ndidi,3,,203341.jpg
217,9,Çaglar,Söyüncü,Söyüncü,2,,218031.jpg
218,9,James,Justin,Justin,2,,220627.jpg
219,9,Luke,Thomas,Thomas,2,,244619.jpg
220,9,Wesley,Fofana,Fofana,2,,444463.jpg
340,9,Jannik,Vestergaard,Vestergaard,2,,93100.jpg
455,9,Patson,Daka,Daka,4,,245419.jpg
458,9,Boubakary,Soumaré,Soumaré,3,,225902.jpg
473,9,Ryan,Bertrand,Bertrand,2,,40146.jpg
505,9,Kiernan,Dewsbury-Hall,Dewsbury-Hall,3,,215413.jpg
573,9,Eldin,Jakupovic,Jakupovic,1,,11974.jpg
587,9,Ademola,Lookman,Lookman,3,,219352.jpg
182,10,Pablo,Hernández Domínguez,Hernández,3,,28690.jpg
183,10,Francisco,Casilla Cortés,Casilla,1,,39790.jpg
184,10,Liam,Cooper,Cooper,2,,55914.jpg
185,10,Luke,Ayling,Ayling,2,,66588.jpg
186,10,Mateusz,Klich,Klich,3,,72222.jpg
187,10,Rodrigo,Moreno,Rodrigo,4,,80954.jpg
188,10,Stuart,Dallas,Dallas,3,,87873.jpg
189,10,Patrick,Bamford,Bamford,4,,106617.jpg
190,10,Diego,Llorente,Llorente,2,,149915.jpg
191,10,Kalvin,Phillips,Phillips,3,,155405.jpg
192,10,Hélder Wander,Sousa de Azevedo e Costa,Costa,3,,165808.jpg
193,10,Tyler,Roberts,Roberts,3,,173821.jpg
194,10,Robin,Koch,Koch,2,,193645.jpg
195,10,Ian Carlo,Poveda-Ocampo,Poveda,3,,215460.jpg
196,10,Raphael,Dias Belloli,Raphinha,3,,219961.jpg
197,10,Jamie,Shackleton,Shackleton,3,,221610.jpg
198,10,Pascal,Struijk,Struijk,2,,222694.jpg
199,10,Illan,Meslier,Meslier,1,,437495.jpg
267,10,Jack,Harrison,Harrison,3,,221399.jpg
287,10,Daniel,James,James,3,,200617.jpg
463,10,Héctor Junior,Firpo Adames,Firpo,2,,443967.jpg
490,10,Kristoffer,Klaesson,Klaesson,1,,223081.jpg
550,10,Sam,Greenwood,Greenwood,4,,248937.jpg
551,10,Crysencio,Summerville,Summerville,3,,450070.jpg
552,10,Adam,Forshaw,Forshaw,3,,80179.jpg
562,10,Cody,Drameh,Drameh,2,,433590.jpg
563,10,Charlie,Cresswell,Cresswell,2,,492373.jpg
576,10,Liam,McCarron,McCarron,3,,464618.jpg
577,10,Joe,Gelhardt,Gelhardt,4,,462635.jpg
600,10,Nohan,Kenneh,Kenneh,3,,469249.jpg
601,10,Stuart,McKinstry,McKinstry,3,,473342.jpg
608,10,Leo Fuhr,Hjelde,Hjelde,2,,477547.jpg
624,10,Lewis,Bate,Bate,3,,450529.jpg
221,11,James,Milner,Milner,3,,15157.jpg
222,11,Jordan,Henderson,Henderson,3,,56979.jpg
223,11,Adrián,San Miguel del Castillo,Adrián,1,,60706.jpg
224,11,Joel,Matip,Matip,2,,60914.jpg
225,11,Thiago,Alcántara do Nascimento,Thiago,3,,61558.jpg
226,11,Xherdan,Shaqiri,Shaqiri,3,,68312.jpg
227,11,Alex,Oxlade-Chamberlain,Chamberlain,3,,81880.jpg
228,11,Roberto,Firmino,Firmino,4,,92217.jpg
229,11,Virgil,van Dijk,van Dijk,2,,97032.jpg
230,11,Sadio,Mané,Mané,3,,110979.jpg
231,11,Alisson,Ramses Becker,Alisson,1,,116535.jpg
232,11,Fabio Henrique,Tavares,Fabinho,3,,116643.jpg
233,11,Mohamed,Salah,Salah,3,,118748.jpg
234,11,Andrew,Robertson,Robertson,2,,122798.jpg
235,11,Divock,Origi,Origi,4,,152760.jpg
236,11,Takumi,Minamino,Minamino,3,,157882.jpg
237,11,Trent,Alexander-Arnold,Alexander-Arnold,2,,169187.jpg
238,11,Joseph,Gomez,Gomez,2,,171287.jpg
239,11,Naby,Keita,Keita,3,,175592.jpg
240,11,Diogo,Jota,Jota,3,,194634.jpg
241,11,Nathaniel,Phillips,Phillips,2,,197464.jpg
242,11,Caoimhin,Kelleher,Kelleher,1,,200720.jpg
243,11,Ibrahima,Konaté,Konaté,2,,204716.jpg
244,11,Curtis,Jones,Jones,3,,206915.jpg
245,11,Konstantinos,Tsimikas,Tsimikas,2,,214285.jpg
246,11,Neco,Williams,N.Williams,2,,215136.jpg
247,11,Rhys,Williams,R.Williams,2,,219937.jpg
248,11,Ben,Davies,Davies,2,,152898.jpg
506,11,Harvey,Elliott,Elliott,3,,444884.jpg
553,11,Ben,Woodburn,Woodburn,3,,182436.jpg
620,11,Tyler,Morton,Morton,3,,440148.jpg
33,12,Jack,Grealish,Grealish,3,,114283.jpg
249,12,Kyle,Walker,Walker,2,,58621.jpg
250,12,Ilkay,Gündogan,Gündogan,3,,59859.jpg
251,12,Kevin,De Bruyne,De Bruyne,3,,61366.jpg
252,12,John,Stones,Stones,2,,97299.jpg
253,12,Benjamin,Mendy,Mendy,2,,102826.jpg
254,12,Riyad,Mahrez,Mahrez,3,,103025.jpg
255,12,Raheem,Sterling,Sterling,3,,103955.jpg
256,12,João Pedro Cavaco,Cancelo,Cancelo,2,,121145.jpg
257,12,Ederson,Santana de Moraes,Ederson,1,,121160.jpg
258,12,Nathan,Aké,Aké,2,,126184.jpg
259,12,Aymeric,Laporte,Laporte,2,,146941.jpg
260,12,Zack,Steffen,Steffen,1,,164484.jpg
261,12,Bernardo Mota,Veiga de Carvalho e Silva,Bernardo,3,,165809.jpg
262,12,Rúben Santos,Gato Alves Dias,Dias,2,,171314.jpg
263,12,Gabriel Fernando,de Jesus,Jesus,4,,205651.jpg
264,12,Oleksandr,Zinchenko,Zinchenko,2,,206325.jpg
265,12,Phil,Foden,Foden,3,,209244.jpg
266,12,Rodrigo,Hernandez,Rodrigo,3,,220566.jpg
268,12,Ferran,Torres,Torres,3,,224444.jpg
453,12,Fernando,Luiz Rosa,Fernandinho,3,,27789.jpg
507,12,Cole,Palmer,Palmer,3,,244851.jpg
508,12,Samuel,Edozie,Edozie,3,,490503.jpg
566,12,Tommy,Doyle,Doyle,3,,220394.jpg
593,12,Scott,Carson,Carson,1,,17601.jpg
603,12,Luke,Mbete,Mbete,2,,439510.jpg
604,12,Joshua,Wilson-Esbrand,Wilson-Esbrand,2,,447880.jpg
605,12,Romeo,Lavia,Lavia,3,,514356.jpg
615,12,Cieran,Slicker,Slicker,1,,434044.jpg
269,13,Edinson,Cavani,Cavani,4,,40720.jpg
270,13,David,de Gea,de Gea,1,,51940.jpg
271,13,Nemanja,Matic,Matic,3,,62398.jpg
272,13,Paul,Pogba,Pogba,3,,74208.jpg
273,13,Harry,Maguire,Maguire,2,,95658.jpg
274,13,Frederico,Rodrigues de Paula Santos,Fred,3,,101582.jpg
275,13,Luke,Shaw,Shaw,2,,106760.jpg
276,13,Jesse,Lingard,Lingard,3,,109322.jpg
277,13,Bruno Miguel,Borges Fernandes,Fernandes,3,,141746.jpg
278,13,Anthony,Martial,Martial,4,,148225.jpg
279,13,Alex Nicolao,Telles,Telles,2,,152590.jpg
280,13,Dean,Henderson,Henderson,1,,172649.jpg
281,13,Marcus,Rashford,Rashford,3,,176297.jpg
282,13,Donny,van de Beek,van de Beek,3,,180184.jpg
284,13,Victor,Lindelöf,Lindelöf,2,,184667.jpg
285,13,Scott,McTominay,McTominay,3,,195851.jpg
286,13,Eric,Bailly,Bailly,2,,197365.jpg
288,13,Aaron,Wan-Bissaka,Wan-Bissaka,2,,214590.jpg
289,13,Mason,Greenwood,Greenwood,3,,220688.jpg
459,13,Juan,Mata,Mata,3,,43670.jpg
485,13,Jadon,Sancho,Sancho,3,,209243.jpg
509,13,Tom,Heaton,Heaton,1,,21205.jpg
510,13,José Diogo,Dalot Teixeira,Dalot,2,,216051.jpg
511,13,Andreas,Pereira,Pereira,3,,156689.jpg
512,13,Anthony,Elanga,Elanga,3,,449434.jpg
555,13,Raphaël,Varane,Varane,2,,90152.jpg
579,13,Cristiano Ronaldo,dos Santos Aveiro,Ronaldo,4,,14937.jpg
19,14,Joseph,Willock,Willock,3,,200089.jpg
291,14,Jonjo,Shelvey,Shelvey,3,,50232.jpg
292,14,Matt,Ritchie,Ritchie,2,,56983.jpg
293,14,Ciaran,Clark,Clark,2,,58845.jpg
294,14,Karl,Darlow,Darlow,1,,59735.jpg
295,14,Martin,Dubravka,Dubravka,1,,67089.jpg
296,14,Callum,Wilson,Wilson,4,,75115.jpg
297,14,Jeff,Hendrick,Hendrick,3,,83314.jpg
298,14,Ryan,Fraser,Fraser,3,,90105.jpg
299,14,Jamaal,Lascelles,Lascelles,2,,101148.jpg
300,14,Dwight,Gayle,Gayle,4,,104547.jpg
301,14,Paul,Dummett,Dummett,2,,106618.jpg
302,14,Javier,Manquillo,Manquillo,2,,109528.jpg
303,14,Emil,Krafth,Krafth,2,,111773.jpg
304,14,Jacob,Murphy,Murphy,3,,114243.jpg
305,14,Fabian,Schär,Schär,2,,119471.jpg
306,14,Isaac,Hayden,Hayden,3,,153127.jpg
307,14,Allan,Saint-Maximin,Saint-Maximin,4,,170137.jpg
308,14,Miguel,Almirón,Almirón,3,,179018.jpg
309,14,Sean,Longstaff,S.Longstaff,3,,180135.jpg
310,14,Joelinton Cássio,Apolinário de Lira,Joelinton,4,,180974.jpg
311,14,Jamal,Lewis,Lewis,2,,194799.jpg
312,14,Matthew,Longstaff,M.Longstaff,3,,223175.jpg
465,14,Federico,Fernández,Fernández,2,,57145.jpg
513,14,Freddie,Woodman,Woodman,1,,155503.jpg
514,14,Mark,Gillespie,Gillespie,1,,81441.jpg
599,14,Joe,White,White,3,,461484.jpg
609,14,Elliot,Anderson,Anderson,3,,215379.jpg
145,15,Billy,Gilmour,Gilmour,3,,243568.jpg
290,15,Brandon,Williams,Williams,2,,232937.jpg
313,15,Michael,McGovern,McGovern,1,,18499.jpg
314,15,Tim,Krul,Krul,1,,20480.jpg
315,15,Teemu,Pukki,Pukki,4,,57127.jpg
316,15,Marco,Stiepermann,Stiepermann,3,,71738.jpg
317,15,Lukas,Rupp,Rupp,3,,76306.jpg
318,15,Kenny,McLean,McLean,3,,78607.jpg
319,15,Grant,Hanley,Hanley,2,,83428.jpg
320,15,Onel,Hernández,Hernández,3,,89470.jpg
321,15,Sam,Byram,Byram,2,,113564.jpg
322,15,Jordan,Hugill,Hugill,4,,167522.jpg
323,15,Kieran,Dowell,Dowell,3,,171270.jpg
324,15,Christoph,Zimmermann,Zimmermann,2,,192303.jpg
325,15,Todd,Cantwell,Cantwell,3,,193111.jpg
326,15,Max,Aarons,Aarons,2,,232980.jpg
327,15,Jacob,Sørensen,Sørensen,2,,235546.jpg
328,15,Przemyslaw,Placheta,Placheta,3,,428626.jpg
329,15,Adam,Idah,Idah,4,,432735.jpg
330,15,Josh,Martin,Martin,3,,439485.jpg
331,15,Andrew,Omobamidele,Omobamidele,2,,466404.jpg
448,15,Angus,Gunn,Gunn,1,,107265.jpg
449,15,Milot,Rashica,Rashica,3,,212723.jpg
456,15,Ben,Gibson,Gibson,2,,83312.jpg
457,15,Dimitris,Giannoulis,Giannoulis,2,,189627.jpg
471,15,Pierre,Lees-Melou,Lees-Melou,3,,212325.jpg
515,15,Bali,Mumba,Mumba,2,,220686.jpg
516,15,Joshua,Sargent,Sargent,4,,215476.jpg
528,15,Christos,Tzolis,Tzolis,3,,439509.jpg
580,15,Ozan,Kabak,Kabak,2,,438277.jpg
581,15,Mathias,Normann,Normann,3,,179276.jpg
332,16,Theo,Walcott,Walcott,3,,20467.jpg
333,16,Fraser,Forster,Forster,1,,40383.jpg
334,16,Alex,McCarthy,McCarthy,1,,58376.jpg
335,16,Oriol,Romeu Vidal,Romeu,3,,78056.jpg
336,16,Nathan,Redmond,Redmond,3,,83283.jpg
338,16,Jack,Stephens,Stephens,2,,88900.jpg
339,16,Stuart,Armstrong,S.Armstrong,3,,91047.jpg
341,16,James,Ward-Prowse,Ward-Prowse,3,,101178.jpg
342,16,Kyle,Walker-Peters,Walker-Peters,2,,158534.jpg
343,16,Jan,Bednarek,Bednarek,2,,171771.jpg
344,16,Daniel,N'Lundulu,Nlundulu,4,,200088.jpg
345,16,Che,Adams,Adams,4,,200439.jpg
346,16,Nathan,Tella,Tella,3,,203389.jpg
347,16,William,Smallbone,Smallbone,3,,214466.jpg
348,16,Michael,Obafemi,Obafemi,4,,220598.jpg
349,16,Ibrahima,Diallo,Diallo,3,,240143.jpg
350,16,Moussa,Djenepo,Djenepo,3,,431131.jpg
351,16,Mohammed,Salisu,Salisu,2,,450527.jpg
460,16,Romain,Perraud,Perraud,2,,244560.jpg
491,16,Tino,Livramento,Livramento,2,,441191.jpg
517,16,Mohamed,Elyounoussi,Elyounoussi,3,,96787.jpg
518,16,Armando,Broja,Broja,4,,440323.jpg
519,16,Shane,Long,Long,4,,20452.jpg
525,16,Adam,Armstrong,A.Armstrong,4,,155511.jpg
546,16,Yan,Valery,Valery,2,,213482.jpg
567,16,Lyanco Evangelista,Silveira Neves Vojnovic,Lyanco,2,,212721.jpg
352,17,Joe,Hart,Hart,1,,15749.jpg
353,17,Hugo,Lloris,Lloris,1,,37915.jpg
355,17,Toby,Alderweireld,Alderweireld,2,,55605.jpg
356,17,Erik,Lamela,Lamela,3,,62974.jpg
357,17,Harry,Kane,Kane,4,,78830.jpg
358,17,Serge,Aurier,Aurier,2,,80226.jpg
359,17,Heung-Min,Son,Son,3,,85971.jpg
360,17,Matt,Doherty,Doherty,2,,87835.jpg
361,17,Eric,Dier,Dier,2,,93264.jpg
362,17,Lucas,Rodrigues Moura da Silva,Lucas Moura,3,,95715.jpg
363,17,Bamidele,Alli,Dele,3,,108823.jpg
364,17,Ben,Davies,Davies,2,,115556.jpg
365,17,Pierre-Emile,Højbjerg,Højbjerg,3,,132015.jpg
366,17,Harry,Winks,Winks,3,,157668.jpg
367,17,Davinson,Sánchez,Sánchez,2,,173904.jpg
368,17,Ryan,Sessegnon,Sessegnon,2,,184349.jpg
369,17,Steven,Bergwijn,Bergwijn,3,,194252.jpg
370,17,Sergio,Reguilón,Reguilón,2,,199249.jpg
371,17,Japhet,Tanganga,Tanganga,2,,199584.jpg
372,17,Giovani,Lo Celso,Lo Celso,3,,200826.jpg
373,17,Oliver,Skipp,Skipp,3,,209042.jpg
374,17,Joe,Rodon,Rodon,2,,214225.jpg
375,17,Tanguy,Ndombele,Ndombele,3,,231372.jpg
486,17,Pierluigi,Gollini,Gollini,1,,156683.jpg
487,17,Bryan,Gil Salvatierra,Bryan,3,,436234.jpg
494,17,Cristian,Romero,Romero,2,,221632.jpg
520,17,Dane,Scarlett,Scarlett,4,,490145.jpg
588,17,Emerson Aparecido,Leite de Souza Junior,Emerson Royal,2,,241157.jpg
597,17,Dilan,Markanday,Markanday,3,,232456.jpg
598,17,Tobi,Omole,Omole,2,,209418.jpg
354,18,Moussa,Sissoko,Sissoko,3,,45268.jpg
376,18,Ben,Foster,Foster,1,,9089.jpg
377,18,Danny,Rose,Rose,2,,38290.jpg
378,18,Dan,Gosling,Gosling,3,,40387.jpg
379,18,Craig,Cathcart,Cathcart,2,,41338.jpg
380,18,Troy,Deeney,Deeney,4,,41725.jpg
381,18,Tom,Cleverley,Cleverley,3,,43250.jpg
382,18,Francisco,Femenía Far,Femenía,2,,54484.jpg
383,18,Andre,Gray,Gray,4,,73426.jpg
384,18,Christian,Kabasele,Kabasele,2,,85624.jpg
385,18,Nathaniel,Chalobah,Chalobah,3,,89085.jpg
387,18,William,Troost-Ekong,Troost-Ekong,2,,131304.jpg
388,18,Stipe,Perica,Perica,4,,140941.jpg
389,18,Daniel,Bachmann,Bachmann,1,,154506.jpg
390,18,Adam,Masina,Masina,2,,155651.jpg
391,18,Ken,Sema,Sema,3,,157775.jpg
392,18,Philip,Zinckernagel,Zinckernagel,3,,162344.jpg
393,18,Isaac,Success Ajayi,Success,4,,173514.jpg
394,18,Ayotomiwa,Dele-Bashiru,Dele-Bashiru,3,,175353.jpg
395,18,Ashley,Fletcher,Fletcher,4,,176296.jpg
396,18,Francisco,Sierralta,Sierralta,2,,208973.jpg
397,18,Domingos,Quina,Quina,3,,216058.jpg
398,18,Marc,Navarro,Navarro,2,,220166.jpg
399,18,Ismaila,Sarr,Sarr,3,,232185.jpg
400,18,Jeremy,Ngakia,Ngakia,2,,232391.jpg
401,18,Ben,Wilmot,Wilmot,2,,241289.jpg
402,18,Joseph,Hungbo,Hungbo,3,,244890.jpg
403,18,Imrân,Louza,Louza,3,,471471.jpg
404,18,João Pedro,Junqueira de Jesus,João Pedro,4,,475168.jpg
405,18,Kwadwo,Baah,Baah,3,,493934.jpg
450,18,Emmanuel,Dennis,Dennis,4,,230251.jpg
454,18,Matthew,Pollock,Pollock,2,,467311.jpg
467,18,Oghenekaro Peter,Etebo,Etebo,3,,227560.jpg
468,18,Joshua,King,King,4,,78007.jpg
469,18,Adedapo,Awokoya-Mebude,Mebude,4,,243569.jpg
472,18,Juan Camilo,Hernández Suárez,Cucho,4,,244716.jpg
495,18,Juraj,Kucka,Kucka,3,,69143.jpg
557,18,Ozan,Tufan,Tufan,3,,130036.jpg
574,18,Robert,Elliot,Elliot,1,,19838.jpg
618,18,Nicolas,Nkoulou,Nkoulou,2,,52775.jpg
128,19,Kurt,Zouma,Zouma,2,,103192.jpg
406,19,Mark,Noble,Noble,3,,18073.jpg
407,19,Darren,Randolph,Randolph,1,,32259.jpg
408,19,Lukasz,Fabianski,Fabianski,1,,37096.jpg
409,19,Angelo,Ogbonna,Ogbonna,2,,40669.jpg
410,19,Winston,Reid,Reid,2,,48717.jpg
411,19,Aaron,Cresswell,Cresswell,2,,55459.jpg
412,19,Andriy,Yarmolenko,Yarmolenko,3,,56377.jpg
413,19,Michail,Antonio,Antonio,4,,57531.jpg
414,19,Craig,Dawson,Dawson,2,,60232.jpg
415,19,Ryan,Fredericks,Fredericks,2,,81012.jpg
416,19,Manuel,Lanzini,Lanzini,3,,86934.jpg
417,19,Arthur,Masuaku,Masuaku,2,,105717.jpg
418,19,Vladimir,Coufal,Coufal,2,,164555.jpg
419,19,Saïd,Benrahma,Benrahma,3,,172841.jpg
420,19,Jarrod,Bowen,Bowen,3,,178186.jpg
421,19,Declan,Rice,Rice,3,,204480.jpg
422,19,Tomas,Soucek,Soucek,3,,215439.jpg
423,19,Pablo,Fornals,Fornals,3,,217593.jpg
424,19,Issa,Diop,Diop,2,,219924.jpg
425,19,Ben,Johnson,Johnson,2,,222018.jpg
489,19,Alphonse,Areola,Areola,1,,84182.jpg
521,19,Frederik,Alves,Alves,2,,486870.jpg
522,19,Conor,Coventry,Coventry,3,,222017.jpg
554,19,Jamal,Baptiste,Baptiste,2,,462384.jpg
582,19,Nikola,Vlasic,Vlasic,3,,180151.jpg
589,19,Alex,Kral,Kral,3,,195728.jpg
617,19,Harrison,Ashby,Ashby,2,,441024.jpg
426,20,João Filipe Iria,Santos Moutinho,Moutinho,3,,19624.jpg
427,20,Rui Pedro,dos Santos Patrício,Patrício,1,,38533.jpg
428,20,Willy,Boly,Boly,2,,90585.jpg
429,20,Conor,Coady,Coady,2,,94147.jpg
430,20,Raúl,Jiménez,Jiménez,4,,102057.jpg
431,20,Romain,Saïss,Saïss,2,,107613.jpg
432,20,Fernando,Marçal,Marçal,2,,111291.jpg
433,20,Jonathan,Castro Otto,Jonny,2,,114128.jpg
434,20,Leander,Dendoncker,Dendoncker,3,,151589.jpg
435,20,Adama,Traoré,Traoré,3,,159533.jpg
436,20,Rúben Diogo,da Silva Neves,Neves,3,,171317.jpg
437,20,Nélson,Cabral Semedo,Semedo,2,,200402.jpg
438,20,Daniel,Castelo Podence,Podence,3,,200600.jpg
439,20,Max,Kilman,Kilman,2,,214048.jpg
440,20,Morgan,Gibbs-White,Gibbs-White,3,,222531.jpg
441,20,Pedro,Lomba Neto,Neto,3,,247632.jpg
442,20,Owen,Otasowie,Otasowie,3,,250604.jpg
443,20,Ki-Jana,Hoever,Hoever,2,,441271.jpg
444,20,Andreas,Söndergaard,Söndergaard,1,,448487.jpg
445,20,Fabio,Silva,Fabio Silva,4,,449988.jpg
446,20,Yerson,Mosquera Valdelamar,Mosquera,2,,501837.jpg
452,20,John,Ruddy,Ruddy,1,,19236.jpg
461,20,Francisco,Machado Mota de Castro Trincão,Trincão,3,,222564.jpg
470,20,Rayan,Ait Nouri,Ait Nouri,2,,448514.jpg
475,20,José,Malheiro de Sá,Sá,1,,149065.jpg
523,20,Patrick,Cutrone,Cutrone,4,,209353.jpg
547,20,Luke,Cundle,Cundle,3,,245923.jpg
548,20,Chem,Campbell,Campbell,3,,461026.jpg
549,20,Christian,Marques,Marques,2,,481626.jpg
583,20,Hee-Chan,Hwang,Hwang,4,,184754.jpg
611,20,Louie,Moulden,Moulden,1,,242510.jpg
621,20,James,Storer,Storer,1,,518504.jpg
